SA2_CODE_2021,SA2_NAME_2021,CHANGE_FLAG_2021,CHANGE_LABEL_2021,SA3_CODE_2021,SA3_NAME_2021,SA4_CODE_2021,SA4_NAME_2021,GCCSA_CODE_2021,GCCSA_NAME_2021,STATE_CODE_2021,STATE_NAME_2021,AUS_CODE_2021,AUS_NAME_2021,AREA_ALBERS_SQKM,ASGS_LOCI_URI_2021
501011001,Augusta,0,No change,50101,Augusta - Margaret River - Busselton,501,Bunbury,5RWAU,Rest of WA,5,Western Australia,AUS,Australia,2106.5915,http://linked.data.gov.au/dataset/asgsed3/SA2/501011001
501011003,Busselton Surrounds,3,Name change,50101,Augusta - Margaret River - Busselton,501,Bunbury,5RWAU,Rest of WA,5,Western Australia,AUS,Australia,1227.064,http://linked.data.gov.au/dataset/asgsed3/SA2/501011003
501011004,Margaret River,0,No change,50101,Augusta - Margaret River - Busselton,501,Bunbury,5RWAU,Rest of WA,5,Western Australia,AUS,Australia,134.4278,http://linked.data.gov.au/dataset/asgsed3/SA2/501011004
501011293,Busselton - East,1,New,50101,Augusta - Margaret River - Busselton,501,Bunbury,5RWAU,Rest of WA,5,Western Australia,AUS,Australia,81.9607,http://linked.data.gov.au/dataset/asgsed3/SA2/501011293
501011294,Busselton - West,1,New,50101,Augusta - Margaret River - Busselton,501,Bunbury,5RWAU,Rest of WA,5,Western Australia,AUS,Australia,114.2793,http://linked.data.gov.au/dataset/asgsed3/SA2/501011294
501021005,Australind - Leschenault,0,No change,50102,Bunbury,501,Bunbury,5RWAU,Rest of WA,5,Western Australia,AUS,Australia,67.3084,http://linked.data.gov.au/dataset/asgsed3/SA2/501021005
501021007,Capel,0,No change,50102,Bunbury,501,Bunbury,5RWAU,Rest of WA,5,Western Australia,AUS,Australia,507.0606,http://linked.data.gov.au/dataset/asgsed3/SA2/501021007
501021008,College Grove - Carey Park,0,No change,50102,Bunbury,501,Bunbury,5RWAU,Rest of WA,5,Western Australia,AUS,Australia,9.7141,http://linked.data.gov.au/dataset/asgsed3/SA2/501021008
501021009,Collie,0,No change,50102,Bunbury,501,Bunbury,5RWAU,Rest of WA,5,Western Australia,AUS,Australia,1709.815,http://linked.data.gov.au/dataset/asgsed3/SA2/501021009
501021010,Dardanup,0,No change,50102,Bunbury,501,Bunbury,5RWAU,Rest of WA,5,Western Australia,AUS,Australia,517.0762,http://linked.data.gov.au/dataset/asgsed3/SA2/501021010
501021011,Davenport,0,No change,50102,Bunbury,501,Bunbury,5RWAU,Rest of WA,5,Western Australia,AUS,Australia,11.7042,http://linked.data.gov.au/dataset/asgsed3/SA2/501021011
501021012,Eaton - Pelican Point,0,No change,50102,Bunbury,501,Bunbury,5RWAU,Rest of WA,5,Western Australia,AUS,Australia,9.9522,http://linked.data.gov.au/dataset/asgsed3/SA2/501021012
501021014,Harvey,0,No change,50102,Bunbury,501,Bunbury,5RWAU,Rest of WA,5,Western Australia,AUS,Australia,1660.6331,http://linked.data.gov.au/dataset/asgsed3/SA2/501021014
501021015,East Bunbury - Glen Iris,0,No change,50102,Bunbury,501,Bunbury,5RWAU,Rest of WA,5,Western Australia,AUS,Australia,22.9687,http://linked.data.gov.au/dataset/asgsed3/SA2/501021015
501021016,Waroona,0,No change,50102,Bunbury,501,Bunbury,5RWAU,Rest of WA,5,Western Australia,AUS,Australia,832.2285,http://linked.data.gov.au/dataset/asgsed3/SA2/501021016
501021251,Dalyellup,0,No change,50102,Bunbury,501,Bunbury,5RWAU,Rest of WA,5,Western Australia,AUS,Australia,16.3306,http://linked.data.gov.au/dataset/asgsed3/SA2/501021251
501021252,Gelorup - Stratham,0,No change,50102,Bunbury,501,Bunbury,5RWAU,Rest of WA,5,Western Australia,AUS,Australia,65.254,http://linked.data.gov.au/dataset/asgsed3/SA2/501021252
501021253,South Bunbury - Bunbury,0,No change,50102,Bunbury,501,Bunbury,5RWAU,Rest of WA,5,Western Australia,AUS,Australia,11.2504,http://linked.data.gov.au/dataset/asgsed3/SA2/501021253
501021254,Withers - Usher,0,No change,50102,Bunbury,501,Bunbury,5RWAU,Rest of WA,5,Western Australia,AUS,Australia,8.2177,http://linked.data.gov.au/dataset/asgsed3/SA2/501021254
501031017,Bridgetown - Boyup Brook,0,No change,50103,Manjimup,501,Bunbury,5RWAU,Rest of WA,5,Western Australia,AUS,Australia,4163.8195,http://linked.data.gov.au/dataset/asgsed3/SA2/501031017
501031018,Donnybrook - Balingup,0,No change,50103,Manjimup,501,Bunbury,5RWAU,Rest of WA,5,Western Australia,AUS,Australia,1559.856,http://linked.data.gov.au/dataset/asgsed3/SA2/501031018
501031019,Manjimup,0,No change,50103,Manjimup,501,Bunbury,5RWAU,Rest of WA,5,Western Australia,AUS,Australia,323.8187,http://linked.data.gov.au/dataset/asgsed3/SA2/501031019
501031020,Pemberton,0,No change,50103,Manjimup,501,Bunbury,5RWAU,Rest of WA,5,Western Australia,AUS,Australia,9641.0807,http://linked.data.gov.au/dataset/asgsed3/SA2/501031020
502011021,Dawesville - Bouvard,0,No change,50201,Mandurah,502,Mandurah,5GPER,Greater Perth,5,Western Australia,AUS,Australia,97.9248,http://linked.data.gov.au/dataset/asgsed3/SA2/502011021
502011022,Falcon - Wannanup,0,No change,50201,Mandurah,502,Mandurah,5GPER,Greater Perth,5,Western Australia,AUS,Australia,9.5893,http://linked.data.gov.au/dataset/asgsed3/SA2/502011022
502011023,Greenfields,0,No change,50201,Mandurah,502,Mandurah,5GPER,Greater Perth,5,Western Australia,AUS,Australia,9.9609,http://linked.data.gov.au/dataset/asgsed3/SA2/502011023
502011024,Halls Head - Erskine,0,No change,50201,Mandurah,502,Mandurah,5GPER,Greater Perth,5,Western Australia,AUS,Australia,14.2469,http://linked.data.gov.au/dataset/asgsed3/SA2/502011024
502011025,Mandurah,0,No change,50201,Mandurah,502,Mandurah,5GPER,Greater Perth,5,Western Australia,AUS,Australia,8.3954,http://linked.data.gov.au/dataset/asgsed3/SA2/502011025
502011026,Mandurah - East,0,No change,50201,Mandurah,502,Mandurah,5GPER,Greater Perth,5,Western Australia,AUS,Australia,40.2182,http://linked.data.gov.au/dataset/asgsed3/SA2/502011026
502011027,Mandurah - North,0,No change,50201,Mandurah,502,Mandurah,5GPER,Greater Perth,5,Western Australia,AUS,Australia,31.8413,http://linked.data.gov.au/dataset/asgsed3/SA2/502011027
502011028,Mandurah - South,0,No change,50201,Mandurah,502,Mandurah,5GPER,Greater Perth,5,Western Australia,AUS,Australia,11.8268,http://linked.data.gov.au/dataset/asgsed3/SA2/502011028
502011029,Pinjarra,0,No change,50201,Mandurah,502,Mandurah,5GPER,Greater Perth,5,Western Australia,AUS,Australia,808.8593,http://linked.data.gov.au/dataset/asgsed3/SA2/502011029
503011030,City Beach,0,No change,50301,Cottesloe - Claremont,503,Perth - Inner,5GPER,Greater Perth,5,Western Australia,AUS,Australia,9.8073,http://linked.data.gov.au/dataset/asgsed3/SA2/503011030
503011031,Claremont (WA),0,No change,50301,Cottesloe - Claremont,503,Perth - Inner,5GPER,Greater Perth,5,Western Australia,AUS,Australia,3.8717,http://linked.data.gov.au/dataset/asgsed3/SA2/503011031
503011032,Cottesloe,0,No change,50301,Cottesloe - Claremont,503,Perth - Inner,5GPER,Greater Perth,5,Western Australia,AUS,Australia,3.7511,http://linked.data.gov.au/dataset/asgsed3/SA2/503011032
503011033,Floreat,0,No change,50301,Cottesloe - Claremont,503,Perth - Inner,5GPER,Greater Perth,5,Western Australia,AUS,Australia,4.4196,http://linked.data.gov.au/dataset/asgsed3/SA2/503011033
503011034,Mosman Park - Peppermint Grove,0,No change,50301,Cottesloe - Claremont,503,Perth - Inner,5GPER,Greater Perth,5,Western Australia,AUS,Australia,5.4149,http://linked.data.gov.au/dataset/asgsed3/SA2/503011034
503011035,Nedlands - Dalkeith - Crawley,0,No change,50301,Cottesloe - Claremont,503,Perth - Inner,5GPER,Greater Perth,5,Western Australia,AUS,Australia,9.7498,http://linked.data.gov.au/dataset/asgsed3/SA2/503011035
503011036,Swanbourne - Mount Claremont,0,No change,50301,Cottesloe - Claremont,503,Perth - Inner,5GPER,Greater Perth,5,Western Australia,AUS,Australia,11.7008,http://linked.data.gov.au/dataset/asgsed3/SA2/503011036
503021037,Kings Park (WA),0,No change,50302,Perth City,503,Perth - Inner,5GPER,Greater Perth,5,Western Australia,AUS,Australia,4.1819,http://linked.data.gov.au/dataset/asgsed3/SA2/503021037
503021038,Mount Hawthorn - Leederville,0,No change,50302,Perth City,503,Perth - Inner,5GPER,Greater Perth,5,Western Australia,AUS,Australia,3.8983,http://linked.data.gov.au/dataset/asgsed3/SA2/503021038
503021039,Mount Lawley - Inglewood,0,No change,50302,Perth City,503,Perth - Inner,5GPER,Greater Perth,5,Western Australia,AUS,Australia,7.0812,http://linked.data.gov.au/dataset/asgsed3/SA2/503021039
503021040,North Perth,0,No change,50302,Perth City,503,Perth - Inner,5GPER,Greater Perth,5,Western Australia,AUS,Australia,3.0904,http://linked.data.gov.au/dataset/asgsed3/SA2/503021040
503021042,Subiaco - Shenton Park,0,No change,50302,Perth City,503,Perth - Inner,5GPER,Greater Perth,5,Western Australia,AUS,Australia,7.7961,http://linked.data.gov.au/dataset/asgsed3/SA2/503021042
503021043,Wembley - West Leederville - Glendalough,0,No change,50302,Perth City,503,Perth - Inner,5GPER,Greater Perth,5,Western Australia,AUS,Australia,6.5605,http://linked.data.gov.au/dataset/asgsed3/SA2/503021043
503021295,East Perth,1,New,50302,Perth City,503,Perth - Inner,5GPER,Greater Perth,5,Western Australia,AUS,Australia,3.4135,http://linked.data.gov.au/dataset/asgsed3/SA2/503021295
503021296,Perth (North) - Highgate,1,New,50302,Perth City,503,Perth - Inner,5GPER,Greater Perth,5,Western Australia,AUS,Australia,2.9639,http://linked.data.gov.au/dataset/asgsed3/SA2/503021296
503021297,Perth (West) - Northbridge,1,New,50302,Perth City,503,Perth - Inner,5GPER,Greater Perth,5,Western Australia,AUS,Australia,4.5531,http://linked.data.gov.au/dataset/asgsed3/SA2/503021297
504011044,Bassendean - Eden Hill - Ashfield,0,No change,50401,Bayswater - Bassendean,504,Perth - North East,5GPER,Greater Perth,5,Western Australia,AUS,Australia,10.3449,http://linked.data.gov.au/dataset/asgsed3/SA2/504011044
504011045,Bayswater - Embleton - Bedford,0,No change,50401,Bayswater - Bassendean,504,Perth - North East,5GPER,Greater Perth,5,Western Australia,AUS,Australia,13.8115,http://linked.data.gov.au/dataset/asgsed3/SA2/504011045
504011046,Maylands,0,No change,50401,Bayswater - Bassendean,504,Perth - North East,5GPER,Greater Perth,5,Western Australia,AUS,Australia,5.0166,http://linked.data.gov.au/dataset/asgsed3/SA2/504011046
504011047,Morley,0,No change,50401,Bayswater - Bassendean,504,Perth - North East,5GPER,Greater Perth,5,Western Australia,AUS,Australia,10.5547,http://linked.data.gov.au/dataset/asgsed3/SA2/504011047
504011048,Noranda,0,No change,50401,Bayswater - Bassendean,504,Perth - North East,5GPER,Greater Perth,5,Western Australia,AUS,Australia,4.9416,http://linked.data.gov.au/dataset/asgsed3/SA2/504011048
504021049,Chidlow,0,No change,50402,Mundaring,504,Perth - North East,5GPER,Greater Perth,5,Western Australia,AUS,Australia,167.7411,http://linked.data.gov.au/dataset/asgsed3/SA2/504021049
504021050,Glen Forrest - Darlington,0,No change,50402,Mundaring,504,Perth - North East,5GPER,Greater Perth,5,Western Australia,AUS,Australia,56.6583,http://linked.data.gov.au/dataset/asgsed3/SA2/504021050
504021051,Helena Valley - Koongamia,0,No change,50402,Mundaring,504,Perth - North East,5GPER,Greater Perth,5,Western Australia,AUS,Australia,8.8361,http://linked.data.gov.au/dataset/asgsed3/SA2/504021051
504021052,Malmalling - Reservoir,0,No change,50402,Mundaring,504,Perth - North East,5GPER,Greater Perth,5,Western Australia,AUS,Australia,318.3852,http://linked.data.gov.au/dataset/asgsed3/SA2/504021052
504021053,Mundaring,0,No change,50402,Mundaring,504,Perth - North East,5GPER,Greater Perth,5,Western Australia,AUS,Australia,118.6696,http://linked.data.gov.au/dataset/asgsed3/SA2/504021053
504021054,Swan View - Greenmount - Midvale,0,No change,50402,Mundaring,504,Perth - North East,5GPER,Greater Perth,5,Western Australia,AUS,Australia,15.1408,http://linked.data.gov.au/dataset/asgsed3/SA2/504021054
504031055,Avon Valley National Park,0,No change,50403,Swan,504,Perth - North East,5GPER,Greater Perth,5,Western Australia,AUS,Australia,74.9605,http://linked.data.gov.au/dataset/asgsed3/SA2/504031055
504031056,Ballajura,0,No change,50403,Swan,504,Perth - North East,5GPER,Greater Perth,5,Western Australia,AUS,Australia,23.8166,http://linked.data.gov.au/dataset/asgsed3/SA2/504031056
504031057,Beechboro,0,No change,50403,Swan,504,Perth - North East,5GPER,Greater Perth,5,Western Australia,AUS,Australia,47.1105,http://linked.data.gov.au/dataset/asgsed3/SA2/504031057
504031058,Bullsbrook,0,No change,50403,Swan,504,Perth - North East,5GPER,Greater Perth,5,Western Australia,AUS,Australia,253.8629,http://linked.data.gov.au/dataset/asgsed3/SA2/504031058
504031060,Gidgegannup,0,No change,50403,Swan,504,Perth - North East,5GPER,Greater Perth,5,Western Australia,AUS,Australia,304.8874,http://linked.data.gov.au/dataset/asgsed3/SA2/504031060
504031061,Hazelmere - Guildford,0,No change,50403,Swan,504,Perth - North East,5GPER,Greater Perth,5,Western Australia,AUS,Australia,16.919,http://linked.data.gov.au/dataset/asgsed3/SA2/504031061
504031062,Lockridge - Kiara,0,No change,50403,Swan,504,Perth - North East,5GPER,Greater Perth,5,Western Australia,AUS,Australia,14.6126,http://linked.data.gov.au/dataset/asgsed3/SA2/504031062
504031063,Malaga,0,No change,50403,Swan,504,Perth - North East,5GPER,Greater Perth,5,Western Australia,AUS,Australia,6.4045,http://linked.data.gov.au/dataset/asgsed3/SA2/504031063
504031064,Melaleuca - Lexia,0,No change,50403,Swan,504,Perth - North East,5GPER,Greater Perth,5,Western Australia,AUS,Australia,99.6581,http://linked.data.gov.au/dataset/asgsed3/SA2/504031064
504031065,Middle Swan - Herne Hill,0,No change,50403,Swan,504,Perth - North East,5GPER,Greater Perth,5,Western Australia,AUS,Australia,32.1548,http://linked.data.gov.au/dataset/asgsed3/SA2/504031065
504031066,Midland - Guildford,0,No change,50403,Swan,504,Perth - North East,5GPER,Greater Perth,5,Western Australia,AUS,Australia,11.7136,http://linked.data.gov.au/dataset/asgsed3/SA2/504031066
504031067,Stratton - Jane Brook,0,No change,50403,Swan,504,Perth - North East,5GPER,Greater Perth,5,Western Australia,AUS,Australia,23.4945,http://linked.data.gov.au/dataset/asgsed3/SA2/504031067
504031068,The Vines,0,No change,50403,Swan,504,Perth - North East,5GPER,Greater Perth,5,Western Australia,AUS,Australia,66.9987,http://linked.data.gov.au/dataset/asgsed3/SA2/504031068
504031069,Walyunga National Park,0,No change,50403,Swan,504,Perth - North East,5GPER,Greater Perth,5,Western Australia,AUS,Australia,17.9495,http://linked.data.gov.au/dataset/asgsed3/SA2/504031069
504031298,Aveley,1,New,50403,Swan,504,Perth - North East,5GPER,Greater Perth,5,Western Australia,AUS,Australia,6.7469,http://linked.data.gov.au/dataset/asgsed3/SA2/504031298
504031299,Brabham - Henley Brook,1,New,50403,Swan,504,Perth - North East,5GPER,Greater Perth,5,Western Australia,AUS,Australia,17.0644,http://linked.data.gov.au/dataset/asgsed3/SA2/504031299
504031300,Ellenbrook,1,New,50403,Swan,504,Perth - North East,5GPER,Greater Perth,5,Western Australia,AUS,Australia,13.977,http://linked.data.gov.au/dataset/asgsed3/SA2/504031300
505011070,Craigie - Beldon,0,No change,50501,Joondalup,505,Perth - North West,5GPER,Greater Perth,5,Western Australia,AUS,Australia,7.1317,http://linked.data.gov.au/dataset/asgsed3/SA2/505011070
505011071,Currambine - Kinross,0,No change,50501,Joondalup,505,Perth - North West,5GPER,Greater Perth,5,Western Australia,AUS,Australia,5.9596,http://linked.data.gov.au/dataset/asgsed3/SA2/505011071
505011072,Duncraig,0,No change,50501,Joondalup,505,Perth - North West,5GPER,Greater Perth,5,Western Australia,AUS,Australia,7.6491,http://linked.data.gov.au/dataset/asgsed3/SA2/505011072
505011073,Greenwood - Warwick,0,No change,50501,Joondalup,505,Perth - North West,5GPER,Greater Perth,5,Western Australia,AUS,Australia,8.5644,http://linked.data.gov.au/dataset/asgsed3/SA2/505011073
505011074,Heathridge - Connolly,0,No change,50501,Joondalup,505,Perth - North West,5GPER,Greater Perth,5,Western Australia,AUS,Australia,6.6259,http://linked.data.gov.au/dataset/asgsed3/SA2/505011074
505011075,Hillarys,0,No change,50501,Joondalup,505,Perth - North West,5GPER,Greater Perth,5,Western Australia,AUS,Australia,6.2656,http://linked.data.gov.au/dataset/asgsed3/SA2/505011075
505011076,Iluka - Burns Beach,0,No change,50501,Joondalup,505,Perth - North West,5GPER,Greater Perth,5,Western Australia,AUS,Australia,5.8339,http://linked.data.gov.au/dataset/asgsed3/SA2/505011076
505011077,Joondalup - Edgewater,0,No change,50501,Joondalup,505,Perth - North West,5GPER,Greater Perth,5,Western Australia,AUS,Australia,15.6229,http://linked.data.gov.au/dataset/asgsed3/SA2/505011077
505011078,Kingsley,0,No change,50501,Joondalup,505,Perth - North West,5GPER,Greater Perth,5,Western Australia,AUS,Australia,7.8538,http://linked.data.gov.au/dataset/asgsed3/SA2/505011078
505011079,Mullaloo - Kallaroo,0,No change,50501,Joondalup,505,Perth - North West,5GPER,Greater Perth,5,Western Australia,AUS,Australia,5.888,http://linked.data.gov.au/dataset/asgsed3/SA2/505011079
505011080,Ocean Reef,0,No change,50501,Joondalup,505,Perth - North West,5GPER,Greater Perth,5,Western Australia,AUS,Australia,5.2646,http://linked.data.gov.au/dataset/asgsed3/SA2/505011080
505011081,Padbury,0,No change,50501,Joondalup,505,Perth - North West,5GPER,Greater Perth,5,Western Australia,AUS,Australia,6.0348,http://linked.data.gov.au/dataset/asgsed3/SA2/505011081
505011082,Sorrento - Marmion,0,No change,50501,Joondalup,505,Perth - North West,5GPER,Greater Perth,5,Western Australia,AUS,Australia,4.5955,http://linked.data.gov.au/dataset/asgsed3/SA2/505011082
505011083,Woodvale,0,No change,50501,Joondalup,505,Perth - North West,5GPER,Greater Perth,5,Western Australia,AUS,Australia,7.1962,http://linked.data.gov.au/dataset/asgsed3/SA2/505011083
505021084,Balcatta - Hamersley,0,No change,50502,Stirling,505,Perth - North West,5GPER,Greater Perth,5,Western Australia,AUS,Australia,10.3604,http://linked.data.gov.au/dataset/asgsed3/SA2/505021084
505021085,Balga - Mirrabooka,0,No change,50502,Stirling,505,Perth - North West,5GPER,Greater Perth,5,Western Australia,AUS,Australia,9.4487,http://linked.data.gov.au/dataset/asgsed3/SA2/505021085
505021087,Herdsman,0,No change,50502,Stirling,505,Perth - North West,5GPER,Greater Perth,5,Western Australia,AUS,Australia,3.1133,http://linked.data.gov.au/dataset/asgsed3/SA2/505021087
505021088,Innaloo - Doubleview,0,No change,50502,Stirling,505,Perth - North West,5GPER,Greater Perth,5,Western Australia,AUS,Australia,5.6082,http://linked.data.gov.au/dataset/asgsed3/SA2/505021088
505021089,Karrinyup - Gwelup - Carine,0,No change,50502,Stirling,505,Perth - North West,5GPER,Greater Perth,5,Western Australia,AUS,Australia,14.0888,http://linked.data.gov.au/dataset/asgsed3/SA2/505021089
505021090,Nollamara - Westminster,0,No change,50502,Stirling,505,Perth - North West,5GPER,Greater Perth,5,Western Australia,AUS,Australia,6.0391,http://linked.data.gov.au/dataset/asgsed3/SA2/505021090
505021091,Osborne Park Industrial,0,No change,50502,Stirling,505,Perth - North West,5GPER,Greater Perth,5,Western Australia,AUS,Australia,3.4452,http://linked.data.gov.au/dataset/asgsed3/SA2/505021091
505021092,Scarborough,0,No change,50502,Stirling,505,Perth - North West,5GPER,Greater Perth,5,Western Australia,AUS,Australia,4.9714,http://linked.data.gov.au/dataset/asgsed3/SA2/505021092
505021093,Stirling - Osborne Park,0,No change,50502,Stirling,505,Perth - North West,5GPER,Greater Perth,5,Western Australia,AUS,Australia,6.4972,http://linked.data.gov.au/dataset/asgsed3/SA2/505021093
505021094,Trigg - North Beach - Watermans Bay,0,No change,50502,Stirling,505,Perth - North West,5GPER,Greater Perth,5,Western Australia,AUS,Australia,5.7563,http://linked.data.gov.au/dataset/asgsed3/SA2/505021094
505021095,Tuart Hill - Joondanna,0,No change,50502,Stirling,505,Perth - North West,5GPER,Greater Perth,5,Western Australia,AUS,Australia,3.6309,http://linked.data.gov.au/dataset/asgsed3/SA2/505021095
505021096,Wembley Downs - Churchlands - Woodlands,0,No change,50502,Stirling,505,Perth - North West,5GPER,Greater Perth,5,Western Australia,AUS,Australia,8.0214,http://linked.data.gov.au/dataset/asgsed3/SA2/505021096
505021097,Yokine - Coolbinia - Menora,0,No change,50502,Stirling,505,Perth - North West,5GPER,Greater Perth,5,Western Australia,AUS,Australia,6.8504,http://linked.data.gov.au/dataset/asgsed3/SA2/505021097
505021301,Dianella - North,1,New,50502,Stirling,505,Perth - North West,5GPER,Greater Perth,5,Western Australia,AUS,Australia,6.4682,http://linked.data.gov.au/dataset/asgsed3/SA2/505021301
505021302,Dianella - South,1,New,50502,Stirling,505,Perth - North West,5GPER,Greater Perth,5,Western Australia,AUS,Australia,5.0267,http://linked.data.gov.au/dataset/asgsed3/SA2/505021302
505031098,Alexander Heights - Koondoola,0,No change,50503,Wanneroo,505,Perth - North West,5GPER,Greater Perth,5,Western Australia,AUS,Australia,6.7014,http://linked.data.gov.au/dataset/asgsed3/SA2/505031098
505031099,Butler - Merriwa - Ridgewood,0,No change,50503,Wanneroo,505,Perth - North West,5GPER,Greater Perth,5,Western Australia,AUS,Australia,10.0345,http://linked.data.gov.au/dataset/asgsed3/SA2/505031099
505031100,Carramar,0,No change,50503,Wanneroo,505,Perth - North West,5GPER,Greater Perth,5,Western Australia,AUS,Australia,30.0077,http://linked.data.gov.au/dataset/asgsed3/SA2/505031100
505031101,Clarkson,0,No change,50503,Wanneroo,505,Perth - North West,5GPER,Greater Perth,5,Western Australia,AUS,Australia,10.7632,http://linked.data.gov.au/dataset/asgsed3/SA2/505031101
505031102,Girrawheen,0,No change,50503,Wanneroo,505,Perth - North West,5GPER,Greater Perth,5,Western Australia,AUS,Australia,4.0937,http://linked.data.gov.au/dataset/asgsed3/SA2/505031102
505031104,Marangaroo,0,No change,50503,Wanneroo,505,Perth - North West,5GPER,Greater Perth,5,Western Australia,AUS,Australia,4.7933,http://linked.data.gov.au/dataset/asgsed3/SA2/505031104
505031105,Mindarie - Quinns Rocks - Jindalee,0,No change,50503,Wanneroo,505,Perth - North West,5GPER,Greater Perth,5,Western Australia,AUS,Australia,12.6805,http://linked.data.gov.au/dataset/asgsed3/SA2/505031105
505031106,Neerabup National Park,0,No change,50503,Wanneroo,505,Perth - North West,5GPER,Greater Perth,5,Western Australia,AUS,Australia,17.3984,http://linked.data.gov.au/dataset/asgsed3/SA2/505031106
505031107,Tapping - Ashby - Sinagra,0,No change,50503,Wanneroo,505,Perth - North West,5GPER,Greater Perth,5,Western Australia,AUS,Australia,47.8116,http://linked.data.gov.au/dataset/asgsed3/SA2/505031107
505031255,Alkimos - Eglinton,0,No change,50503,Wanneroo,505,Perth - North West,5GPER,Greater Perth,5,Western Australia,AUS,Australia,32.6641,http://linked.data.gov.au/dataset/asgsed3/SA2/505031255
505031256,Carabooda - Pinjar,0,No change,50503,Wanneroo,505,Perth - North West,5GPER,Greater Perth,5,Western Australia,AUS,Australia,371.0902,http://linked.data.gov.au/dataset/asgsed3/SA2/505031256
505031257,Two Rocks,0,No change,50503,Wanneroo,505,Perth - North West,5GPER,Greater Perth,5,Western Australia,AUS,Australia,55.0875,http://linked.data.gov.au/dataset/asgsed3/SA2/505031257
505031258,Yanchep,0,No change,50503,Wanneroo,505,Perth - North West,5GPER,Greater Perth,5,Western Australia,AUS,Australia,19.0492,http://linked.data.gov.au/dataset/asgsed3/SA2/505031258
505031303,Hocking - Pearsall,1,New,50503,Wanneroo,505,Perth - North West,5GPER,Greater Perth,5,Western Australia,AUS,Australia,26.1656,http://linked.data.gov.au/dataset/asgsed3/SA2/505031303
505031304,Landsdale,1,New,50503,Wanneroo,505,Perth - North West,5GPER,Greater Perth,5,Western Australia,AUS,Australia,7.2318,http://linked.data.gov.au/dataset/asgsed3/SA2/505031304
505031305,Madeley - Darch,1,New,50503,Wanneroo,505,Perth - North West,5GPER,Greater Perth,5,Western Australia,AUS,Australia,13.1193,http://linked.data.gov.au/dataset/asgsed3/SA2/505031305
505031306,Wanneroo - Sinagra,1,New,50503,Wanneroo,505,Perth - North West,5GPER,Greater Perth,5,Western Australia,AUS,Australia,15.5086,http://linked.data.gov.au/dataset/asgsed3/SA2/505031306
506011110,Armadale - Wungong - Brookdale,0,No change,50601,Armadale,506,Perth - South East,5GPER,Greater Perth,5,Western Australia,AUS,Australia,25.3931,http://linked.data.gov.au/dataset/asgsed3/SA2/506011110
506011111,Ashendon - Lesley,0,No change,50601,Armadale,506,Perth - South East,5GPER,Greater Perth,5,Western Australia,AUS,Australia,326.2898,http://linked.data.gov.au/dataset/asgsed3/SA2/506011111
506011112,Camillo - Champion Lakes,0,No change,50601,Armadale,506,Perth - South East,5GPER,Greater Perth,5,Western Australia,AUS,Australia,8.1254,http://linked.data.gov.au/dataset/asgsed3/SA2/506011112
506011114,Kelmscott,0,No change,50601,Armadale,506,Perth - South East,5GPER,Greater Perth,5,Western Australia,AUS,Australia,15.0443,http://linked.data.gov.au/dataset/asgsed3/SA2/506011114
506011115,Mount Nasura - Mount Richon - Bedfordale,0,No change,50601,Armadale,506,Perth - South East,5GPER,Greater Perth,5,Western Australia,AUS,Australia,61.0961,http://linked.data.gov.au/dataset/asgsed3/SA2/506011115
506011116,Roleystone,0,No change,50601,Armadale,506,Perth - South East,5GPER,Greater Perth,5,Western Australia,AUS,Australia,74.8096,http://linked.data.gov.au/dataset/asgsed3/SA2/506011116
506011117,Seville Grove,0,No change,50601,Armadale,506,Perth - South East,5GPER,Greater Perth,5,Western Australia,AUS,Australia,4.5652,http://linked.data.gov.au/dataset/asgsed3/SA2/506011117
506011307,Harrisdale,1,New,50601,Armadale,506,Perth - South East,5GPER,Greater Perth,5,Western Australia,AUS,Australia,5.7747,http://linked.data.gov.au/dataset/asgsed3/SA2/506011307
506011308,Piara Waters - Forrestdale,1,New,50601,Armadale,506,Perth - South East,5GPER,Greater Perth,5,Western Australia,AUS,Australia,38.4276,http://linked.data.gov.au/dataset/asgsed3/SA2/506011308
506021118,Belmont - Ascot - Redcliffe,0,No change,50602,Belmont - Victoria Park,506,Perth - South East,5GPER,Greater Perth,5,Western Australia,AUS,Australia,10.8529,http://linked.data.gov.au/dataset/asgsed3/SA2/506021118
506021119,East Victoria Park - Carlisle,0,No change,50602,Belmont - Victoria Park,506,Perth - South East,5GPER,Greater Perth,5,Western Australia,AUS,Australia,6.2709,http://linked.data.gov.au/dataset/asgsed3/SA2/506021119
506021120,Kewdale Commercial,0,No change,50602,Belmont - Victoria Park,506,Perth - South East,5GPER,Greater Perth,5,Western Australia,AUS,Australia,4.8502,http://linked.data.gov.au/dataset/asgsed3/SA2/506021120
506021121,Perth Airport,0,No change,50602,Belmont - Victoria Park,506,Perth - South East,5GPER,Greater Perth,5,Western Australia,AUS,Australia,20.3221,http://linked.data.gov.au/dataset/asgsed3/SA2/506021121
506021123,Victoria Park - Lathlain - Burswood,0,No change,50602,Belmont - Victoria Park,506,Perth - South East,5GPER,Greater Perth,5,Western Australia,AUS,Australia,7.5754,http://linked.data.gov.au/dataset/asgsed3/SA2/506021123
506021309,Cloverdale,1,New,50602,Belmont - Victoria Park,506,Perth - South East,5GPER,Greater Perth,5,Western Australia,AUS,Australia,3.9696,http://linked.data.gov.au/dataset/asgsed3/SA2/506021309
506021310,Kewdale,1,New,50602,Belmont - Victoria Park,506,Perth - South East,5GPER,Greater Perth,5,Western Australia,AUS,Australia,2.928,http://linked.data.gov.au/dataset/asgsed3/SA2/506021310
506021311,Rivervale,1,New,50602,Belmont - Victoria Park,506,Perth - South East,5GPER,Greater Perth,5,Western Australia,AUS,Australia,3.3407,http://linked.data.gov.au/dataset/asgsed3/SA2/506021311
506031124,Bentley - Wilson - St James,0,No change,50603,Canning,506,Perth - South East,5GPER,Greater Perth,5,Western Australia,AUS,Australia,11.1482,http://linked.data.gov.au/dataset/asgsed3/SA2/506031124
506031125,Canning Vale - West,0,No change,50603,Canning,506,Perth - South East,5GPER,Greater Perth,5,Western Australia,AUS,Australia,8.7354,http://linked.data.gov.au/dataset/asgsed3/SA2/506031125
506031126,Canning Vale Commercial,0,No change,50603,Canning,506,Perth - South East,5GPER,Greater Perth,5,Western Australia,AUS,Australia,6.6779,http://linked.data.gov.au/dataset/asgsed3/SA2/506031126
506031127,Cannington - Queens Park,0,No change,50603,Canning,506,Perth - South East,5GPER,Greater Perth,5,Western Australia,AUS,Australia,9.5148,http://linked.data.gov.au/dataset/asgsed3/SA2/506031127
506031128,Parkwood - Ferndale - Lynwood,0,No change,50603,Canning,506,Perth - South East,5GPER,Greater Perth,5,Western Australia,AUS,Australia,8.6347,http://linked.data.gov.au/dataset/asgsed3/SA2/506031128
506031129,Riverton - Shelley - Rossmoyne,0,No change,50603,Canning,506,Perth - South East,5GPER,Greater Perth,5,Western Australia,AUS,Australia,6.4203,http://linked.data.gov.au/dataset/asgsed3/SA2/506031129
506031130,Welshpool,0,No change,50603,Canning,506,Perth - South East,5GPER,Greater Perth,5,Western Australia,AUS,Australia,8.314,http://linked.data.gov.au/dataset/asgsed3/SA2/506031130
506031131,Willetton,0,No change,50603,Canning,506,Perth - South East,5GPER,Greater Perth,5,Western Australia,AUS,Australia,8.743,http://linked.data.gov.au/dataset/asgsed3/SA2/506031131
506041132,Beckenham - Kenwick - Langford,0,No change,50604,Gosnells,506,Perth - South East,5GPER,Greater Perth,5,Western Australia,AUS,Australia,18.9584,http://linked.data.gov.au/dataset/asgsed3/SA2/506041132
506041133,Canning Vale - East,0,No change,50604,Gosnells,506,Perth - South East,5GPER,Greater Perth,5,Western Australia,AUS,Australia,9.9338,http://linked.data.gov.au/dataset/asgsed3/SA2/506041133
506041134,Gosnells,0,No change,50604,Gosnells,506,Perth - South East,5GPER,Greater Perth,5,Western Australia,AUS,Australia,15.5131,http://linked.data.gov.au/dataset/asgsed3/SA2/506041134
506041135,Huntingdale - Southern River,0,No change,50604,Gosnells,506,Perth - South East,5GPER,Greater Perth,5,Western Australia,AUS,Australia,18.009,http://linked.data.gov.au/dataset/asgsed3/SA2/506041135
506041136,Maddington - Orange Grove - Martin,0,No change,50604,Gosnells,506,Perth - South East,5GPER,Greater Perth,5,Western Australia,AUS,Australia,53.2923,http://linked.data.gov.au/dataset/asgsed3/SA2/506041136
506041137,Thornlie,0,No change,50604,Gosnells,506,Perth - South East,5GPER,Greater Perth,5,Western Australia,AUS,Australia,11.591,http://linked.data.gov.au/dataset/asgsed3/SA2/506041137
506051138,Forrestfield - Wattle Grove,0,No change,50605,Kalamunda,506,Perth - South East,5GPER,Greater Perth,5,Western Australia,AUS,Australia,26.8976,http://linked.data.gov.au/dataset/asgsed3/SA2/506051138
506051139,High Wycombe,0,No change,50605,Kalamunda,506,Perth - South East,5GPER,Greater Perth,5,Western Australia,AUS,Australia,8.6968,http://linked.data.gov.au/dataset/asgsed3/SA2/506051139
506051140,Kalamunda - Maida Vale - Gooseberry Hill,0,No change,50605,Kalamunda,506,Perth - South East,5GPER,Greater Perth,5,Western Australia,AUS,Australia,28.1238,http://linked.data.gov.au/dataset/asgsed3/SA2/506051140
506051141,Lesmurdie - Bickley - Carmel,0,No change,50605,Kalamunda,506,Perth - South East,5GPER,Greater Perth,5,Western Australia,AUS,Australia,220.0819,http://linked.data.gov.au/dataset/asgsed3/SA2/506051141
506061142,Byford,0,No change,50606,Serpentine - Jarrahdale,506,Perth - South East,5GPER,Greater Perth,5,Western Australia,AUS,Australia,29.3986,http://linked.data.gov.au/dataset/asgsed3/SA2/506061142
506061143,Mundijong,0,No change,50606,Serpentine - Jarrahdale,506,Perth - South East,5GPER,Greater Perth,5,Western Australia,AUS,Australia,286.7456,http://linked.data.gov.au/dataset/asgsed3/SA2/506061143
506061144,Serpentine - Jarrahdale,0,No change,50606,Serpentine - Jarrahdale,506,Perth - South East,5GPER,Greater Perth,5,Western Australia,AUS,Australia,588.6193,http://linked.data.gov.au/dataset/asgsed3/SA2/506061144
506071145,Como,0,No change,50607,South Perth,506,Perth - South East,5GPER,Greater Perth,5,Western Australia,AUS,Australia,6.3895,http://linked.data.gov.au/dataset/asgsed3/SA2/506071145
506071146,Manning - Waterford,0,No change,50607,South Perth,506,Perth - South East,5GPER,Greater Perth,5,Western Australia,AUS,Australia,6.161,http://linked.data.gov.au/dataset/asgsed3/SA2/506071146
506071147,South Perth - Kensington,0,No change,50607,South Perth,506,Perth - South East,5GPER,Greater Perth,5,Western Australia,AUS,Australia,7.7563,http://linked.data.gov.au/dataset/asgsed3/SA2/506071147
507011148,Banjup,0,No change,50701,Cockburn,507,Perth - South West,5GPER,Greater Perth,5,Western Australia,AUS,Australia,29.7061,http://linked.data.gov.au/dataset/asgsed3/SA2/507011148
507011150,Bibra Industrial,0,No change,50701,Cockburn,507,Perth - South West,5GPER,Greater Perth,5,Western Australia,AUS,Australia,6.5456,http://linked.data.gov.au/dataset/asgsed3/SA2/507011150
507011151,Bibra Lake,0,No change,50701,Cockburn,507,Perth - South West,5GPER,Greater Perth,5,Western Australia,AUS,Australia,4.1706,http://linked.data.gov.au/dataset/asgsed3/SA2/507011151
507011152,Coogee,0,No change,50701,Cockburn,507,Perth - South West,5GPER,Greater Perth,5,Western Australia,AUS,Australia,10.4233,http://linked.data.gov.au/dataset/asgsed3/SA2/507011152
507011153,Coolbellup,0,No change,50701,Cockburn,507,Perth - South West,5GPER,Greater Perth,5,Western Australia,AUS,Australia,4.5202,http://linked.data.gov.au/dataset/asgsed3/SA2/507011153
507011154,Hamilton Hill,0,No change,50701,Cockburn,507,Perth - South West,5GPER,Greater Perth,5,Western Australia,AUS,Australia,6.6153,http://linked.data.gov.au/dataset/asgsed3/SA2/507011154
507011155,Henderson,0,No change,50701,Cockburn,507,Perth - South West,5GPER,Greater Perth,5,Western Australia,AUS,Australia,8.7396,http://linked.data.gov.au/dataset/asgsed3/SA2/507011155
507011158,North Coogee,0,No change,50701,Cockburn,507,Perth - South West,5GPER,Greater Perth,5,Western Australia,AUS,Australia,2.774,http://linked.data.gov.au/dataset/asgsed3/SA2/507011158
507011159,South Lake - Cockburn Central,0,No change,50701,Cockburn,507,Perth - South West,5GPER,Greater Perth,5,Western Australia,AUS,Australia,8.896,http://linked.data.gov.au/dataset/asgsed3/SA2/507011159
507011160,Spearwood,0,No change,50701,Cockburn,507,Perth - South West,5GPER,Greater Perth,5,Western Australia,AUS,Australia,6.5192,http://linked.data.gov.au/dataset/asgsed3/SA2/507011160
507011161,Success - Hammond Park,0,No change,50701,Cockburn,507,Perth - South West,5GPER,Greater Perth,5,Western Australia,AUS,Australia,8.861,http://linked.data.gov.au/dataset/asgsed3/SA2/507011161
507011163,Yangebup,0,No change,50701,Cockburn,507,Perth - South West,5GPER,Greater Perth,5,Western Australia,AUS,Australia,6.0198,http://linked.data.gov.au/dataset/asgsed3/SA2/507011163
507011259,Beeliar - Wattleup,0,No change,50701,Cockburn,507,Perth - South West,5GPER,Greater Perth,5,Western Australia,AUS,Australia,28.7159,http://linked.data.gov.au/dataset/asgsed3/SA2/507011259
507011260,Jandakot,0,No change,50701,Cockburn,507,Perth - South West,5GPER,Greater Perth,5,Western Australia,AUS,Australia,15.7037,http://linked.data.gov.au/dataset/asgsed3/SA2/507011260
507021164,East Fremantle,0,No change,50702,Fremantle,507,Perth - South West,5GPER,Greater Perth,5,Western Australia,AUS,Australia,3.1384,http://linked.data.gov.au/dataset/asgsed3/SA2/507021164
507021165,Fremantle,0,No change,50702,Fremantle,507,Perth - South West,5GPER,Greater Perth,5,Western Australia,AUS,Australia,29.5403,http://linked.data.gov.au/dataset/asgsed3/SA2/507021165
507021166,Fremantle - South,0,No change,50702,Fremantle,507,Perth - South West,5GPER,Greater Perth,5,Western Australia,AUS,Australia,7.3037,http://linked.data.gov.au/dataset/asgsed3/SA2/507021166
507021167,O'Connor (WA),0,No change,50702,Fremantle,507,Perth - South West,5GPER,Greater Perth,5,Western Australia,AUS,Australia,1.6691,http://linked.data.gov.au/dataset/asgsed3/SA2/507021167
507031169,Wellard (West) - Bertram,3,Name change,50703,Kwinana,507,Perth - South West,5GPER,Greater Perth,5,Western Australia,AUS,Australia,12.448,http://linked.data.gov.au/dataset/asgsed3/SA2/507031169
507031170,Calista,0,No change,50703,Kwinana,507,Perth - South West,5GPER,Greater Perth,5,Western Australia,AUS,Australia,15.1365,http://linked.data.gov.au/dataset/asgsed3/SA2/507031170
507031172,Hope Valley - Postans,0,No change,50703,Kwinana,507,Perth - South West,5GPER,Greater Perth,5,Western Australia,AUS,Australia,24.7949,http://linked.data.gov.au/dataset/asgsed3/SA2/507031172
507031173,Kwinana Industrial,0,No change,50703,Kwinana,507,Perth - South West,5GPER,Greater Perth,5,Western Australia,AUS,Australia,16.7145,http://linked.data.gov.au/dataset/asgsed3/SA2/507031173
507031174,Parmelia - Orelia,0,No change,50703,Kwinana,507,Perth - South West,5GPER,Greater Perth,5,Western Australia,AUS,Australia,7.8295,http://linked.data.gov.au/dataset/asgsed3/SA2/507031174
507031261,Casuarina - Wandi,0,No change,50703,Kwinana,507,Perth - South West,5GPER,Greater Perth,5,Western Australia,AUS,Australia,43.0889,http://linked.data.gov.au/dataset/asgsed3/SA2/507031261
507041175,Applecross - Ardross,0,No change,50704,Melville,507,Perth - South West,5GPER,Greater Perth,5,Western Australia,AUS,Australia,5.4274,http://linked.data.gov.au/dataset/asgsed3/SA2/507041175
507041176,Bateman,0,No change,50704,Melville,507,Perth - South West,5GPER,Greater Perth,5,Western Australia,AUS,Australia,1.9561,http://linked.data.gov.au/dataset/asgsed3/SA2/507041176
507041177,Bicton - Palmyra,0,No change,50704,Melville,507,Perth - South West,5GPER,Greater Perth,5,Western Australia,AUS,Australia,6.322,http://linked.data.gov.au/dataset/asgsed3/SA2/507041177
507041178,Booragoon,0,No change,50704,Melville,507,Perth - South West,5GPER,Greater Perth,5,Western Australia,AUS,Australia,6.7888,http://linked.data.gov.au/dataset/asgsed3/SA2/507041178
507041179,Bull Creek,0,No change,50704,Melville,507,Perth - South West,5GPER,Greater Perth,5,Western Australia,AUS,Australia,4.1624,http://linked.data.gov.au/dataset/asgsed3/SA2/507041179
507041180,Leeming,0,No change,50704,Melville,507,Perth - South West,5GPER,Greater Perth,5,Western Australia,AUS,Australia,6.6994,http://linked.data.gov.au/dataset/asgsed3/SA2/507041180
507041181,Melville,0,No change,50704,Melville,507,Perth - South West,5GPER,Greater Perth,5,Western Australia,AUS,Australia,7.8838,http://linked.data.gov.au/dataset/asgsed3/SA2/507041181
507041182,Murdoch - Kardinya,0,No change,50704,Melville,507,Perth - South West,5GPER,Greater Perth,5,Western Australia,AUS,Australia,8.6462,http://linked.data.gov.au/dataset/asgsed3/SA2/507041182
507041183,Willagee,0,No change,50704,Melville,507,Perth - South West,5GPER,Greater Perth,5,Western Australia,AUS,Australia,2.0887,http://linked.data.gov.au/dataset/asgsed3/SA2/507041183
507041184,Winthrop,0,No change,50704,Melville,507,Perth - South West,5GPER,Greater Perth,5,Western Australia,AUS,Australia,3.4789,http://linked.data.gov.au/dataset/asgsed3/SA2/507041184
507051186,Cooloongup,0,No change,50705,Rockingham,507,Perth - South West,5GPER,Greater Perth,5,Western Australia,AUS,Australia,4.9901,http://linked.data.gov.au/dataset/asgsed3/SA2/507051186
507051187,Port Kennedy,0,No change,50705,Rockingham,507,Perth - South West,5GPER,Greater Perth,5,Western Australia,AUS,Australia,21.2107,http://linked.data.gov.au/dataset/asgsed3/SA2/507051187
507051188,Rockingham,0,No change,50705,Rockingham,507,Perth - South West,5GPER,Greater Perth,5,Western Australia,AUS,Australia,35.722,http://linked.data.gov.au/dataset/asgsed3/SA2/507051188
507051189,Rockingham Lakes,0,No change,50705,Rockingham,507,Perth - South West,5GPER,Greater Perth,5,Western Australia,AUS,Australia,21.0334,http://linked.data.gov.au/dataset/asgsed3/SA2/507051189
507051190,Safety Bay - Shoalwater,0,No change,50705,Rockingham,507,Perth - South West,5GPER,Greater Perth,5,Western Australia,AUS,Australia,7.1927,http://linked.data.gov.au/dataset/asgsed3/SA2/507051190
507051191,Singleton - Golden Bay - Secret Harbour,0,No change,50705,Rockingham,507,Perth - South West,5GPER,Greater Perth,5,Western Australia,AUS,Australia,14.5709,http://linked.data.gov.au/dataset/asgsed3/SA2/507051191
507051192,Waikiki,0,No change,50705,Rockingham,507,Perth - South West,5GPER,Greater Perth,5,Western Australia,AUS,Australia,5.7834,http://linked.data.gov.au/dataset/asgsed3/SA2/507051192
507051193,Warnbro,0,No change,50705,Rockingham,507,Perth - South West,5GPER,Greater Perth,5,Western Australia,AUS,Australia,5.6428,http://linked.data.gov.au/dataset/asgsed3/SA2/507051193
507051312,Baldivis - North,1,New,50705,Rockingham,507,Perth - South West,5GPER,Greater Perth,5,Western Australia,AUS,Australia,57.3058,http://linked.data.gov.au/dataset/asgsed3/SA2/507051312
507051313,Baldivis - South,1,New,50705,Rockingham,507,Perth - South West,5GPER,Greater Perth,5,Western Australia,AUS,Australia,30.0095,http://linked.data.gov.au/dataset/asgsed3/SA2/507051313
507051314,Karnup,1,New,50705,Rockingham,507,Perth - South West,5GPER,Greater Perth,5,Western Australia,AUS,Australia,54.2294,http://linked.data.gov.au/dataset/asgsed3/SA2/507051314
509011225,Albany,0,No change,50901,Albany,509,Western Australia - Wheat Belt,5RWAU,Rest of WA,5,Western Australia,AUS,Australia,30.6575,http://linked.data.gov.au/dataset/asgsed3/SA2/509011225
509011226,Albany Surrounds,3,Name change,50901,Albany,509,Western Australia - Wheat Belt,5RWAU,Rest of WA,5,Western Australia,AUS,Australia,4009.0591,http://linked.data.gov.au/dataset/asgsed3/SA2/509011226
509011227,Bayonet Head - Lower King,0,No change,50901,Albany,509,Western Australia - Wheat Belt,5RWAU,Rest of WA,5,Western Australia,AUS,Australia,24.871,http://linked.data.gov.au/dataset/asgsed3/SA2/509011227
509011228,Denmark,0,No change,50901,Albany,509,Western Australia - Wheat Belt,5RWAU,Rest of WA,5,Western Australia,AUS,Australia,1859.8487,http://linked.data.gov.au/dataset/asgsed3/SA2/509011228
509011229,Gnowangerup,0,No change,50901,Albany,509,Western Australia - Wheat Belt,5RWAU,Rest of WA,5,Western Australia,AUS,Australia,15012.8153,http://linked.data.gov.au/dataset/asgsed3/SA2/509011229
509011230,Katanning,0,No change,50901,Albany,509,Western Australia - Wheat Belt,5RWAU,Rest of WA,5,Western Australia,AUS,Australia,2647.0202,http://linked.data.gov.au/dataset/asgsed3/SA2/509011230
509011231,Kojonup,0,No change,50901,Albany,509,Western Australia - Wheat Belt,5RWAU,Rest of WA,5,Western Australia,AUS,Australia,8554.5095,http://linked.data.gov.au/dataset/asgsed3/SA2/509011231
509011232,Little Grove - Elleker,0,No change,50901,Albany,509,Western Australia - Wheat Belt,5RWAU,Rest of WA,5,Western Australia,AUS,Australia,142.6706,http://linked.data.gov.au/dataset/asgsed3/SA2/509011232
509011233,McKail - Willyung,0,No change,50901,Albany,509,Western Australia - Wheat Belt,5RWAU,Rest of WA,5,Western Australia,AUS,Australia,101.1998,http://linked.data.gov.au/dataset/asgsed3/SA2/509011233
509011234,Plantagenet,0,No change,50901,Albany,509,Western Australia - Wheat Belt,5RWAU,Rest of WA,5,Western Australia,AUS,Australia,4383.8752,http://linked.data.gov.au/dataset/asgsed3/SA2/509011234
509011235,Stirling Range National Park,0,No change,50901,Albany,509,Western Australia - Wheat Belt,5RWAU,Rest of WA,5,Western Australia,AUS,Australia,1121.6226,http://linked.data.gov.au/dataset/asgsed3/SA2/509011235
509021236,Chittering,0,No change,50902,Wheat Belt - North,509,Western Australia - Wheat Belt,5RWAU,Rest of WA,5,Western Australia,AUS,Australia,1219.9032,http://linked.data.gov.au/dataset/asgsed3/SA2/509021236
509021237,Cunderdin,0,No change,50902,Wheat Belt - North,509,Western Australia - Wheat Belt,5RWAU,Rest of WA,5,Western Australia,AUS,Australia,6896.4975,http://linked.data.gov.au/dataset/asgsed3/SA2/509021237
509021238,Dowerin,0,No change,50902,Wheat Belt - North,509,Western Australia - Wheat Belt,5RWAU,Rest of WA,5,Western Australia,AUS,Australia,11490.3834,http://linked.data.gov.au/dataset/asgsed3/SA2/509021238
509021239,Gingin - Dandaragan,0,No change,50902,Wheat Belt - North,509,Western Australia - Wheat Belt,5RWAU,Rest of WA,5,Western Australia,AUS,Australia,9919.9306,http://linked.data.gov.au/dataset/asgsed3/SA2/509021239
509021240,Merredin,0,No change,50902,Wheat Belt - North,509,Western Australia - Wheat Belt,5RWAU,Rest of WA,5,Western Australia,AUS,Australia,9827.5053,http://linked.data.gov.au/dataset/asgsed3/SA2/509021240
509021241,Moora,0,No change,50902,Wheat Belt - North,509,Western Australia - Wheat Belt,5RWAU,Rest of WA,5,Western Australia,AUS,Australia,13538.3952,http://linked.data.gov.au/dataset/asgsed3/SA2/509021241
509021242,Mukinbudin,0,No change,50902,Wheat Belt - North,509,Western Australia - Wheat Belt,5RWAU,Rest of WA,5,Western Australia,AUS,Australia,50176.9809,http://linked.data.gov.au/dataset/asgsed3/SA2/509021242
509021243,Northam,0,No change,50902,Wheat Belt - North,509,Western Australia - Wheat Belt,5RWAU,Rest of WA,5,Western Australia,AUS,Australia,1431.2215,http://linked.data.gov.au/dataset/asgsed3/SA2/509021243
509021244,Toodyay,0,No change,50902,Wheat Belt - North,509,Western Australia - Wheat Belt,5RWAU,Rest of WA,5,Western Australia,AUS,Australia,1691.6485,http://linked.data.gov.au/dataset/asgsed3/SA2/509021244
509021245,York - Beverley,0,No change,50902,Wheat Belt - North,509,Western Australia - Wheat Belt,5RWAU,Rest of WA,5,Western Australia,AUS,Australia,4502.1111,http://linked.data.gov.au/dataset/asgsed3/SA2/509021245
509031246,Brookton,0,No change,50903,Wheat Belt - South,509,Western Australia - Wheat Belt,5RWAU,Rest of WA,5,Western Australia,AUS,Australia,7480.8608,http://linked.data.gov.au/dataset/asgsed3/SA2/509031246
509031247,Kulin,0,No change,50903,Wheat Belt - South,509,Western Australia - Wheat Belt,5RWAU,Rest of WA,5,Western Australia,AUS,Australia,28626.1667,http://linked.data.gov.au/dataset/asgsed3/SA2/509031247
509031248,Murray,0,No change,50903,Wheat Belt - South,509,Western Australia - Wheat Belt,5RWAU,Rest of WA,5,Western Australia,AUS,Australia,2746.4237,http://linked.data.gov.au/dataset/asgsed3/SA2/509031248
509031249,Narrogin,0,No change,50903,Wheat Belt - South,509,Western Australia - Wheat Belt,5RWAU,Rest of WA,5,Western Australia,AUS,Australia,509.3037,http://linked.data.gov.au/dataset/asgsed3/SA2/509031249
509031250,Wagin,0,No change,50903,Wheat Belt - South,509,Western Australia - Wheat Belt,5RWAU,Rest of WA,5,Western Australia,AUS,Australia,9400.051,http://linked.data.gov.au/dataset/asgsed3/SA2/509031250
510011262,Broome,0,No change,51001,Kimberley,510,Western Australia - Outback (North),5RWAU,Rest of WA,5,Western Australia,AUS,Australia,50.0425,http://linked.data.gov.au/dataset/asgsed3/SA2/510011262
510011263,Derby - West Kimberley,0,No change,51001,Kimberley,510,Western Australia - Outback (North),5RWAU,Rest of WA,5,Western Australia,AUS,Australia,110798.9156,http://linked.data.gov.au/dataset/asgsed3/SA2/510011263
510011264,Halls Creek,0,No change,51001,Kimberley,510,Western Australia - Outback (North),5RWAU,Rest of WA,5,Western Australia,AUS,Australia,135345.3368,http://linked.data.gov.au/dataset/asgsed3/SA2/510011264
510011265,Kununurra,0,No change,51001,Kimberley,510,Western Australia - Outback (North),5RWAU,Rest of WA,5,Western Australia,AUS,Australia,117707.2878,http://linked.data.gov.au/dataset/asgsed3/SA2/510011265
510011266,Roebuck,0,No change,51001,Kimberley,510,Western Australia - Outback (North),5RWAU,Rest of WA,5,Western Australia,AUS,Australia,55343.5055,http://linked.data.gov.au/dataset/asgsed3/SA2/510011266
510021267,East Pilbara,0,No change,51002,East Pilbara,510,Western Australia - Outback (North),5RWAU,Rest of WA,5,Western Australia,AUS,Australia,390578.4788,http://linked.data.gov.au/dataset/asgsed3/SA2/510021267
510021268,Newman,0,No change,51002,East Pilbara,510,Western Australia - Outback (North),5RWAU,Rest of WA,5,Western Australia,AUS,Australia,17.0749,http://linked.data.gov.au/dataset/asgsed3/SA2/510021268
510021269,Port Hedland,0,No change,51002,East Pilbara,510,Western Australia - Outback (North),5RWAU,Rest of WA,5,Western Australia,AUS,Australia,94.1758,http://linked.data.gov.au/dataset/asgsed3/SA2/510021269
510021270,South Hedland,0,No change,51002,East Pilbara,510,Western Australia - Outback (North),5RWAU,Rest of WA,5,Western Australia,AUS,Australia,22.2565,http://linked.data.gov.au/dataset/asgsed3/SA2/510021270
510031271,Ashburton (WA),0,No change,51003,West Pilbara,510,Western Australia - Outback (North),5RWAU,Rest of WA,5,Western Australia,AUS,Australia,100827.0317,http://linked.data.gov.au/dataset/asgsed3/SA2/510031271
510031272,Karratha,0,No change,51003,West Pilbara,510,Western Australia - Outback (North),5RWAU,Rest of WA,5,Western Australia,AUS,Australia,134.2041,http://linked.data.gov.au/dataset/asgsed3/SA2/510031272
510031273,Roebourne,0,No change,51003,West Pilbara,510,Western Australia - Outback (North),5RWAU,Rest of WA,5,Western Australia,AUS,Australia,15104.8531,http://linked.data.gov.au/dataset/asgsed3/SA2/510031273
511011274,Esperance,0,No change,51101,Esperance,511,Western Australia - Outback (South),5RWAU,Rest of WA,5,Western Australia,AUS,Australia,479.8669,http://linked.data.gov.au/dataset/asgsed3/SA2/511011274
511011275,Esperance Surrounds,3,Name change,51101,Esperance,511,Western Australia - Outback (South),5RWAU,Rest of WA,5,Western Australia,AUS,Australia,55180.793,http://linked.data.gov.au/dataset/asgsed3/SA2/511011275
511021276,Carnarvon,0,No change,51102,Gascoyne,511,Western Australia - Outback (South),5RWAU,Rest of WA,5,Western Australia,AUS,Australia,78.2669,http://linked.data.gov.au/dataset/asgsed3/SA2/511021276
511021277,Exmouth,0,No change,51102,Gascoyne,511,Western Australia - Outback (South),5RWAU,Rest of WA,5,Western Australia,AUS,Australia,134986.3501,http://linked.data.gov.au/dataset/asgsed3/SA2/511021277
511031278,Boulder,0,No change,51103,Goldfields,511,Western Australia - Outback (South),5RWAU,Rest of WA,5,Western Australia,AUS,Australia,13.0881,http://linked.data.gov.au/dataset/asgsed3/SA2/511031278
511031279,Kalgoorlie,0,No change,51103,Goldfields,511,Western Australia - Outback (South),5RWAU,Rest of WA,5,Western Australia,AUS,Australia,23.4948,http://linked.data.gov.au/dataset/asgsed3/SA2/511031279
511031280,Kalgoorlie - North,0,No change,51103,Goldfields,511,Western Australia - Outback (South),5RWAU,Rest of WA,5,Western Australia,AUS,Australia,31.0652,http://linked.data.gov.au/dataset/asgsed3/SA2/511031280
511031281,Kalgoorlie Airport,0,No change,51103,Goldfields,511,Western Australia - Outback (South),5RWAU,Rest of WA,5,Western Australia,AUS,Australia,7.4496,http://linked.data.gov.au/dataset/asgsed3/SA2/511031281
511031282,Kambalda - Coolgardie - Norseman,0,No change,51103,Goldfields,511,Western Australia - Outback (South),5RWAU,Rest of WA,5,Western Australia,AUS,Australia,218581.6465,http://linked.data.gov.au/dataset/asgsed3/SA2/511031282
511031283,Leinster - Leonora,0,No change,51103,Goldfields,511,Western Australia - Outback (South),5RWAU,Rest of WA,5,Western Australia,AUS,Australia,495840.4144,http://linked.data.gov.au/dataset/asgsed3/SA2/511031283
511031284,Trafalgar (WA),0,No change,51103,Goldfields,511,Western Australia - Outback (South),5RWAU,Rest of WA,5,Western Australia,AUS,Australia,27.6123,http://linked.data.gov.au/dataset/asgsed3/SA2/511031284
511041285,Geraldton,0,No change,51104,Mid West,511,Western Australia - Outback (South),5RWAU,Rest of WA,5,Western Australia,AUS,Australia,21.8752,http://linked.data.gov.au/dataset/asgsed3/SA2/511041285
511041286,Geraldton - East,0,No change,51104,Mid West,511,Western Australia - Outback (South),5RWAU,Rest of WA,5,Western Australia,AUS,Australia,80.9732,http://linked.data.gov.au/dataset/asgsed3/SA2/511041286
511041287,Geraldton - North,0,No change,51104,Mid West,511,Western Australia - Outback (South),5RWAU,Rest of WA,5,Western Australia,AUS,Australia,143.0266,http://linked.data.gov.au/dataset/asgsed3/SA2/511041287
511041288,Geraldton - South,0,No change,51104,Mid West,511,Western Australia - Outback (South),5RWAU,Rest of WA,5,Western Australia,AUS,Australia,26.2854,http://linked.data.gov.au/dataset/asgsed3/SA2/511041288
511041289,Irwin,0,No change,51104,Mid West,511,Western Australia - Outback (South),5RWAU,Rest of WA,5,Western Australia,AUS,Australia,2369.3298,http://linked.data.gov.au/dataset/asgsed3/SA2/511041289
511041290,Meekatharra,0,No change,51104,Mid West,511,Western Australia - Outback (South),5RWAU,Rest of WA,5,Western Australia,AUS,Australia,414527.0473,http://linked.data.gov.au/dataset/asgsed3/SA2/511041290
511041291,Morawa,0,No change,51104,Mid West,511,Western Australia - Outback (South),5RWAU,Rest of WA,5,Western Australia,AUS,Australia,23464.3302,http://linked.data.gov.au/dataset/asgsed3/SA2/511041291
511041292,Northampton - Mullewa - Greenough,0,No change,51104,Mid West,511,Western Australia - Outback (South),5RWAU,Rest of WA,5,Western Australia,AUS,Australia,26161.8873,http://linked.data.gov.au/dataset/asgsed3/SA2/511041292
597979799,Migratory - Offshore - Shipping (WA),0,No change,59797,Migratory - Offshore - Shipping (WA),597,Migratory - Offshore - Shipping (WA),59799,Migratory - Offshore - Shipping (WA),5,Western Australia,AUS,Australia,,http://linked.data.gov.au/dataset/asgsed3/SA2/597979799
599999499,No usual address (WA),0,No change,59999,No usual address (WA),599,No usual address (WA),59499,No usual address (WA),5,Western Australia,AUS,Australia,,http://linked.data.gov.au/dataset/asgsed3/SA2/599999499
901011001,Christmas Island,0,No change,90101,Christmas Island,901,Other Territories,9OTER,Other Territories,9,Other Territories,AUS,Australia,136.1356,http://linked.data.gov.au/dataset/asgsed3/SA2/901011001
901021002,Cocos (Keeling) Islands,0,No change,90102,Cocos (Keeling) Islands,901,Other Territories,9OTER,Other Territories,9,Other Territories,AUS,Australia,13.7258,http://linked.data.gov.au/dataset/asgsed3/SA2/901021002
901031003,Jervis Bay,0,No change,90103,Jervis Bay,901,Other Territories,9OTER,Other Territories,9,Other Territories,AUS,Australia,67.2296,http://linked.data.gov.au/dataset/asgsed3/SA2/901031003
901041004,Norfolk Island,0,No change,90104,Norfolk Island,901,Other Territories,9OTER,Other Territories,9,Other Territories,AUS,Australia,38.651,http://linked.data.gov.au/dataset/asgsed3/SA2/901041004
997979799,Migratory - Offshore - Shipping (OT),0,No change,99797,Migratory - Offshore - Shipping (OT),997,Migratory - Offshore - Shipping (OT),99799,Migratory - Offshore - Shipping (OT),9,Other Territories,AUS,Australia,,http://linked.data.gov.au/dataset/asgsed3/SA2/997979799
999999499,No usual address (OT),0,No change,99999,No usual address (OT),999,No usual address (OT),99499,No usual address (OT),9,Other Territories,AUS,Australia,,http://linked.data.gov.au/dataset/asgsed3/SA2/999999499
